<?xml version="1.0" encoding="UTF-8"?>
<!DOCTYPE article PUBLIC "-//NLM//DTD Journal Publishing DTD v2.3 20070202//EN" "journalpublishing.dtd">
<!-- The content and tagging of this article were modified from the original article:
 Neill US, Kosht K. Do you have NIH funding? Then read this. J Clin Invest 2005 Jun 1;115(6):1392.
 The modifications made were for tagging illustrations only.  -->
<article article-type="editorial" xmlns:xlink="http://www.w3.org/1999/xlink">
  <front>
    <journal-meta>
      <journal-id journal-id-type="nlm-ta">J Clin Invest</journal-id>
      <journal-id journal-id-type="publisher-id">J CLIN INVEST</journal-id>
      <journal-title>Journal of Clinical Investigation</journal-title>
      <issn pub-type="ppub">0021-9738</issn>
      <publisher>
        <publisher-name>American Society for Clinical Investigation</publisher-name>
      </publisher>
    </journal-meta>
    <article-meta>
      <article-id pub-id-type="publisher-id">25545</article-id>
      <article-categories>
        <subj-group subj-group-type="heading">
          <subject>Editorial</subject>
        </subj-group>
      </article-categories>
      <title-group>
        <article-title>Do you have NIH funding? Then read this.</article-title>
        <subtitle>The <italic>JCI</italic>'s compliance with NIH Public Access policy</subtitle>
      </title-group>
      <contrib-group>
        <contrib contrib-type="author">
          <name>
            <surname>Neill</surname>
            <given-names>Ushma S.</given-names>
          </name>
          <role>Executive Editor</role>
        </contrib>
        <contrib contrib-type="author">
          <name>
            <surname>Kosht</surname>
            <given-names>Karen</given-names>
          </name>
          <role>Managing Director</role>
        </contrib>
      </contrib-group>
      <pub-date pub-type="ppub">
        <day>1</day>
        <month>6</month>
        <year>2005</year>
      </pub-date>
      <volume>115</volume>
      <issue>6</issue>
      <fpage>1392</fpage>
      <lpage>1392</lpage>
      <permissions>
        <copyright-year>2005</copyright-year>
      </permissions>
      <abstract>
        <p>In the &#x0201c;Policy on enhancing public access to archived publications resulting from NIH-funded research,&#x0201d; the NIH requests that all publications resulting from primary research supported by NIH grants be deposited in PubMed Central (PMC), the online repository of the National Library of Medicine. The NIH requests that all manuscripts accepted for publication after May 2, 2005 be deposited in PMC, and that those manuscripts be made freely available to the public within 12 months of publication. The JCI supports this policy: we will continue to make all content freely available in PMC immediately upon publication, and the entire JCI archive is freely available through PMC.</p>
      </abstract>
    </article-meta>
  </front>
  <body>
    <p>In the &#x0201c;Policy on enhancing public access to archived publications resulting from NIH-funded research,&#x0201d; the NIH <italic>requests</italic> (but does not <italic>require</italic>) that investigators receiving NIH funding voluntarily deposit a copy of their primary research in the National Library of Medicine&#x02019;s repository, PubMed Central (PMC), after the manuscript has been accepted for publication in a peer-reviewed journal (<xref ref-type="bibr" rid="R1">1</xref>). The reasons for the new policy are 3-fold, according to the February 9, 2005, report in the <italic>Federal Register</italic> (<xref ref-type="bibr" rid="R1">1</xref>). First, the NIH hopes to create a secure and long-standing archive to ensure the permanent preservation of NIH-funded research findings. Second, they seek to bring together research articles into a searchable compendium that they can use to monitor where scientific interest lies and determine where their funding efforts should be focused. And third, the NIH wants this free archive to extend the reach of research it funds to everyone, everywhere.</p>
    <p>Since May 2, 2005, researchers have been able to deposit their final accepted manuscripts in PMC using the interface at <ext-link ext-link-type="uri" xlink:href="http://nihms.nih.gov/">http://nihms.nih.gov/</ext-link> and can link their manuscripts to the NIH grant(s) that supported the work. Manuscripts deposited by authors are not made available to the public through PMC until after the final version is published by the journal, and authors have the ability to specify how long after publication their article should be held before it becomes freely available to the public. The NIH requests that all NIH-funded research be made available within 12 months of the final publication date, and wants to link authors&#x02019; works to the appropriate grants to give the NIH an at-a-glance view of its grant activity. According to the policy, this process will alleviate grant reporting procedures by effectively creating a paperless grants management process. While concerns have been raised that this policy could lead to duplicate entries into the scientific record &#x02014; and confusion about which version to cite &#x02014; such problems should not occur with articles published in the <italic>JCI</italic>, since all <italic>JCI</italic> content is deposited into PMC and is freely available immediately upon publication.</p>
    <p>The NIH policy has no effect on copyright; depositing manuscripts in PMC does not entail transferring any copyright to PMC or the NIH. Authors should continue to adhere to the publishing journal&#x02019;s copyright policy. In the case of the <italic>JCI</italic>, authors of accepted manuscripts are required to assign copyright to the American Society for Clinical Investigation (ASCI), the publisher of the <italic>JCI</italic>. While the ASCI holds copyright to all published material (except those works wherein an author is a US government employee, and thus no copyright exists), it provides unrestricted access to all <italic>JCI</italic> content and permits unrestricted use of all <italic>JCI</italic> content for noncommercial, nonprofit, educational purposes.</p>
    <p>How will this new policy change scientific publishing&#x0003f; The NIH claims that it won&#x02019;t make much of a splash. As the proposed policy was open to comment for several months, the question of whether this would cause decreased subscription revenue to journals did arise. The NIH&#x02019;s response was that since publications from NIH-funded research represent only about 10&#x00025; of the articles indexed by PubMed (a separate database of citations and abstracts that links to publishers&#x02019; pages), most libraries and individuals would not use the content from PMC to replace their subscriptions (<xref ref-type="bibr" rid="R1">1</xref>). They estimate that NIH-supported research represented 60,000&#x02013;65,000 publications in 2003 alone; only 1&#x00025; of journals derive more than half their content from NIH-supported research (<xref ref-type="bibr" rid="R1">1</xref>). The <italic>JCI</italic> is included in that 1&#x00025;, with approximately 50&#x00025; of published research being supported by NIH grants. Even so, since the <italic>JCI</italic> has been a free-access journal since 1996, this policy is not likely to affect the <italic>Journal</italic> at all. And while the ASCI is among the many publishers concerned about government policies affecting the future of scientific publishing and nonprofit societies, we support the NIH in its efforts to preserve the scientific record and make it widely available.</p>
    <p>Issues of central archive and improved grants management process aside, this policy was brought about to make the results of government-supported research available to the general public: the taxpayers who supported the research. But will most taxpayers care&#x0003f; Will this policy really benefit the general public or speed scientific discoveries&#x0003f; Only time, and taxpayers, will tell. But the <italic>JCI</italic> has long been committed to free access, and we will continue to make our content freely available to all.</p>
    <sig-block>
        <sig>Ushma S. Neill<break/>
        	Executive Editor</sig>
    <sig>Karen Kosht<break/>
		Managing Director</sig>
    </sig-block>
  </body>
  <back>
    <ref-list>
      <ref id="R1">
        <label>1</label>
        <nlm-citation citation-type="gov">
          <collab>National Institutes of Health</collab>
          <article-title>Policy on enhancing public access to archived publications resulting from NIH-funded research</article-title>
          <source>Federal Register</source>
          <year>2005</year>
          <volume>70</volume>
          <fpage>6891</fpage>
          <lpage>6900</lpage>
        </nlm-citation>
      </ref>
    </ref-list>
  </back>
</article>
