<?xml version="1.0" encoding="UTF-8"?>
<!DOCTYPE article PUBLIC "-//NLM//DTD Journal Publishing DTD v2.3 20070202//EN" "journalpublishing.dtd">
<!-- The content and tagging of this article were modified from the original article:
 Hill TW. Fighting Meningococcal Disease: Early Detections Can Save Lives. J Med Libr Assoc 2005 Jan;93(1):138-139.
 The modifications made were for tagging illustrations only.  -->
<article xmlns:xlink="http://www.w3.org/1999/xlink" article-type="product-review">
  <front>
    <journal-meta>
      <journal-id journal-id-type="nlm-ta">J Med Libr Assoc</journal-id>
      <journal-title>Journal of the Medical Library Association</journal-title>
      <issn pub-type="ppub">1536-5050</issn>
      <publisher>
      	<publisher-name>Medical Library Association</publisher-name>
      </publisher>
    </journal-meta>
    <article-meta>
      <article-categories>
        <subj-group subj-group-type="heading">
          <subject>Electronic Resources Reviews</subject>
        </subj-group>
      </article-categories>
      <title-group>
        <article-title>Fighting Meningococcal Disease: Early Detections Can Save Lives</article-title>
      </title-group>
      <contrib-group>
        <contrib contrib-type="author">
          <name>
            <surname>Hill</surname>
            <given-names>Thomas W.</given-names>
          </name>
          <role>Librarian</role>
          <email>thill&#x00040;selfregional.org</email>
        </contrib>
      </contrib-group>
      <aff>Medical Library Self Regional Healthcare Greenwood, South Carolina</aff>
      <pub-date pub-type="ppub">
        <month>1</month>
        <year>2005</year>
      </pub-date>
      <volume>93</volume>
      <issue>1</issue>
      <fpage>138</fpage>
      <lpage>139</lpage>
      <product>
        <source>Fighting Meningococcal Disease: Early Detections Can Save Lives</source>
        <publisher-name>Aquarius Health Care Videos</publisher-name>
        <publisher-loc>18 North Main Street, Sherborn, MA 01770</publisher-loc>
        <email>info&#x00040;aquariusproductions.com</email>
        <ext-link ext-link-type="uri" xlink:href="http://www.aquariusproductions.com">http://www.aquariusproductions.com</ext-link>
        <comment>888.440.2963. &#x00024;125.00 including public performance rights; 30 minutes; VHS (not closed-captioned).</comment>
        <year>2004</year>
        <isbn>1-58140-349-6</isbn>
        <inline-graphic id="F1" xlink:href="book-cover.gif"/>
      </product>
      <permissions>
        <copyright-statement>Copyright &#x000a9; 2005, Medical Library Association</copyright-statement>
        <copyright-year>2005</copyright-year>
      </permissions>
    </article-meta>
  </front>
  <body>
      <p>2003 Silver Medal International Summit Creative Award and 2003 Gold Medal Australasian Video Awards.
        <disp-quote>
          <p>This is a survival video for parents, teachers, students, and health professionals. An award-winning educational video that is a comprehensive and practical guide to meningococcal disease&#x02014;clearly explaining how to recognise the symptoms, what to do, and what precautions to take against this deadly disease. Essential to learn about the symptoms of meningitis for self-protection and helping others. (Aquarius Health Care Videos press release, March 24, 2004)</p>
        </disp-quote>
      </p>
      <p>When this reviewer heard the first few minutes of <italic>Fighting Meningococcal Disease,</italic> he was reminded of the classic comment, &#x0201c;England and the United States are two countries separated by the same language.&#x0201d; Similar comments might be made about Australia and the United States. <italic>Fighting Meningococcal Disease</italic> is an Australian production. The speakers have Australian accents and use Australian terms and vernacular expressions. Words are projected with Australian spellings. Most Americans do not know what it means to &#x0201c;take a couple of Panadol&#x0201d; &#x0005b;<xref rid="R1" ref-type="bibr">1</xref>&#x0005d; or what happened when the speaker &#x0201c;packed him up.&#x0201d; Other expressions, such as &#x0201c;straight away&#x0201d; or &#x0201c;straight off to hospital,&#x0201d; may be understood by segments of an American viewing audience who have experienced Australian or British speech through travel, the cinema, or television shows.</p>
      <p>Additionally, often the speakers in <italic>Fighting Meningococcal Disease</italic> are soft spoken and are the real-life mothers, caregivers, or relatives of victims of meningococcal disease. Their voices sometimes fade off toward the end of sentences; sometimes their voices begin sentences faintly. They are speaking of personal, emotional, and medical events. Combining the technical challenges of softly spoken words in a video presentation with the aural novelty of language and speech pattern differences means many US viewers will find it hard to understand the Australian vernacular. US viewers may not get the best benefit from <italic>Fighting Meningococcal Disease.</italic></p>
      <p>The potential audience includes the public and health care providers. While the physicians, nurses, and emergency medical services providers among the audience can use this video as a review of the topic, the public will see more information than they can absorb in one viewing. <italic>Fighting Meningococcal Disease</italic> presents important clinical information, intended for a broad audience, as outlined in the press release above.</p>
      <p>This video tells the stories of individuals involved in meningococcal disease. Some patients survive; some die. Some recover quite well, while others suffer quite debilitating effects. All of the stories are moving and reinforce two major points in diagnosing and treating meningococcal disease:
        <list id="L1" list-type="order" prefix-word="Point ">
          <list-item>
            <p>time is of the essence, and</p>
          </list-item>
          <list-item>
            <p>maybe three-fourths of the deaths could be avoided with early treatment.</p>
          </list-item>
        </list>
      </p>
      <p>The video presents the evidence of meningococcal disease (e.g., about 3,000 cases per year in the United States), describes the clinical nature of the infection, and uses real-life interviews to illustrate the course of the disease. It gives the prognosis (10&#x00025; die, 20&#x00025; suffer permanent disabilities, 70&#x00025; recover) and the present therapeutic treatments. Victims, family members, physicians, and health care providers speak of this frightening medical condition but point out that &#x0201c;aggressive early treatment of meningococcal disease can reduce mortality.&#x0201d; Prompt recognition of symptoms and prompt &#x0201c;treatment of the complications of septicemia and meningitis, appropriate ongoing intensive care where necessary, and adequate management of multiple organ failure&#x0201d; may be called for to &#x0201c;improve the prospects for survival&#x0201d; &#x0005b;<xref rid="R1" ref-type="bibr">2</xref>&#x0005d;.</p>
      <p>The Nova television program and WGBH, Boston, Massachusetts, produced and broadcast <italic>Killer Disease on Campus.</italic> This 2002 video recording (60 minutes, 1/2-inch, VHS) helped bring the potential dangers of meningitis to the attention of the US television audience. Because the results of the disease can be so swift and devastating, the story holds the viewer's attention. <italic>Fighting Meningococcal Disease</italic> is a timely addition to the collection of videos devoted to the topic. The US National Library of Medicine (NLM) lists video recordings since the 1970s on meningococcal meningitis and related conditions.</p>
      <p>LocatorPlus shows a video recording of a similar title and description (NLM Unique ID 101212241, <italic>Fighting Meningococcal Disease</italic>). NLM attributes production to Aquarius Health Care Videos, a Media One production. NLM lists Clayton Golledge in the author field and a copyright date of 2004. The video recording reviewed here lists Kay Stammers as producer-director and MediaOne P/L, Sydney, Australia, copyright date 2003. Opening credits also show 2003 as the year for the medals awarded the video recording.</p>
  </body>
  <back>
    <ref-list>
      <title>References</title>
      <ref id="R1">
        <nlm-citation citation-type="book">
        <source>USP DI&#x000ae; drug information for the health care professional</source>
        <year>2004</year>
        <edition>24</edition>
        <publisher-name>Thomson MICROMEDEX</publisher-name>
        <comment>&#x0201c;A&#x0201d; monographs acetaminophen (systemic) lists Panadol among the commonly used brand names.</comment>
        </nlm-citation>
      </ref>
      <ref id="R2">
        <nlm-citation citation-type="journal">
        	<person-group person-group-type="author">
            <name>
              <surname>Welch</surname>
              <given-names>SB</given-names>
            </name>
            <name>
              <surname>Nadel</surname>
              <given-names>S.</given-names>
            </name>
          </person-group>
          <article-title>Treatment of meningococcal infection</article-title>
          <source>Arch Dis Childhood</source>
          <year>2003</year>
          <month>07</month>
          <volume>88</volume>
          <issue>7</issue>
          <fpage>608</fpage>
          <lpage>614</lpage>
        </nlm-citation>
      </ref>
    </ref-list>
  </back>
</article>
