<?xml version="1.0" encoding="UTF-8"?>
<!DOCTYPE article PUBLIC "-//NLM//DTD Journal Publishing DTD v2.3 20070202//EN" "journalpublishing.dtd">
<!-- The content and tagging of this article were modified from the original article:
 The role of healthcare delivery in the outcome of meningococcal disease in children: case-control study of fatal and non-fatal cases [correction]. BMJ 2005 Aug 6;331(7512)323.
 The modifications made were for tagging illustrations only.  -->
<article xmlns:xlink="http://www.w3.org/1999/xlink" article-type="correction">
  <front>
    <journal-meta>
      <journal-id journal-id-type="nlm-ta">BMJ</journal-id>
      <journal-id journal-id-type="publisher-id">bmj</journal-id>
      <journal-title>BMJ : British Medical Journal</journal-title>
      <issn pub-type="ppub">0959-8138</issn>
      <issn pub-type="epub">1468-5833</issn>
      <publisher>
        <publisher-name>BMJ Publishing Group Ltd.</publisher-name>
      </publisher>
    </journal-meta>
    <article-meta>
      <article-id pub-id-type="publisher-id">03310323</article-id>
      <article-categories>
        <subj-group subj-group-type="heading">
          <subject>Corrections</subject>
        </subj-group>
      </article-categories>
      <title-group>
        <article-title>The role of healthcare delivery in the outcome of meningococcal disease in children: case-control study of fatal and non-fatal cases</article-title>
      </title-group>
      <pub-date pub-type="ppub">
        <day>6</day>
        <month>8</month>
        <year>2005</year>
      </pub-date>
      <volume>331</volume>
      <issue>7512</issue>
      <fpage seq="b">323</fpage>
      <lpage>323</lpage>
      <permissions>
        <copyright-statement>Copyright &#x000a9; 2005, BMJ Publishing Group Ltd. </copyright-statement>
        <copyright-year>2005</copyright-year>
      </permissions>
    </article-meta>
  </front>
  <body>
    <p>In this article by Nelly Ninis and colleagues (<italic>BMJ</italic> 2005;330:<related-article related-article-type="corrected-article" vol="330" page="1475" id="RA1" xmlns:xlink="http://www.w3.org/1999/xlink" xlink:href="15976421" ext-link-type="pubmed">1475-8</related-article>, 25 Jun), we muddled the job title for author Simon Nadel; he is a consultant in paediatric intensive care. And the funding section should clarify that the the Meningitis Research Foundation only partly funded the study.</p>
  </body>
</article>
